case_id,model,dice,iou,precision,recall,hd95,resize_applied,gpu_used,source
1.0,V-Net,0.0049727387358584,0.0024925668096923,0.0069248652124449,0.0038791909116098,338.62811460361644,False,False,
10.0,V-Net,0.0107680405562642,0.0054131648675478,0.0150209696948426,0.0083919923138761,265.7385933582098,False,False,
100.0,V-Net,0.0011225374335051,0.0005615839162366,0.0039466760217505,0.000654321795459,268.5330519693991,False,False,
1000.0,V-Net,0.0099017421265952,0.0049755041427834,0.0173142401777305,0.0069334313232506,301.46475747589466,False,False,
101.0,V-Net,0.0213099689460658,0.0107697358411995,0.0565815489461949,0.0131269458623281,290.7232360854564,False,False,
102.0,V-Net,0.0034929437569835,0.0017495273788595,0.0059582639143817,0.0024706681342357,317.47283348343365,False,False,
103.0,V-Net,0.0190939101872879,0.009638977983602,0.0510443922125149,0.0117433401691612,248.87948890979345,False,False,
104.0,V-Net,0.002368699800662,0.0011857542482567,0.0037769975529311,0.0017253739322729,295.5960080921256,False,False,
105.0,V-Net,0.0051366488452072,0.00257493769798,0.0107150434967112,0.0033780111541259,211.8726032312814,False,False,
106.0,V-Net,0.0089545953254347,0.0044974340135143,0.028071150639244,0.0053269339803008,283.89434654462565,False,False,
107.0,V-Net,0.0056469713648511,0.0028314803265877,0.0134093763791288,0.0035765702954518,312.92331328937445,False,False,
108.0,V-Net,0.0063319459336237,0.0031760281861912,0.0151160915833602,0.004004741614071,363.29739883461866,False,False,
109.0,V-Net,0.0101582883979813,0.0051050736039717,0.0234717254129657,0.0064817589540394,322.25145461269835,False,False,
11.0,V-Net,0.0226061714649253,0.0114323060680698,0.0374111608317978,0.0161965811965811,309.2911249939125,False,False,
110.0,V-Net,0.0204631492786725,0.0103373419248123,0.0572737686139748,0.0124569198189594,320.1640204645113,False,False,
111.0,V-Net,0.0123300715833706,0.0062032792301651,0.0760737439222042,0.0067087114986064,244.3460660620506,False,False,
112.0,V-Net,0.0081790362838965,0.0041063109751777,0.0275011853959222,0.0048038695997879,249.77589955798376,False,False,
113.0,V-Net,0.011006553520416,0.0055337304101715,0.046979865771812,0.0062334731389649,340.6552509502826,False,False,
114.0,V-Net,0.0029900953092877,0.0014972861688189,0.003960105602816,0.0024017879977316,365.589934215919,False,False,
115.0,V-Net,0.009747864425461,0.0048978037763275,0.013484752223634,0.0076326956271576,239.0,False,False,
116.0,V-Net,0.0036364148895683,0.0018215193448177,0.0146159075458871,0.0020765256024338,241.2094525510972,False,False,
117.0,V-Net,0.003988773764441,0.0019983724099407,0.0156580138846966,0.0022854939971362,284.43804246267763,False,False,
118.0,V-Net,0.0071891886758403,0.003607562060075,0.0126539959547331,0.0050208594490983,282.56149773102493,False,False,
119.0,V-Net,0.0131354486523362,0.0066111445007293,0.0377821393523061,0.0079496180053685,321.82914721945247,False,False,
12.0,V-Net,0.0021574091477414,0.0010798694339683,0.0061925314317883,0.0013062452376475,230.54283766797008,False,False,
120.0,V-Net,0.0151155703502259,0.0076153402809921,0.028693485226059,0.0102603271593151,339.6262651798297,False,False,
121.0,V-Net,0.0056053606967439,0.002810557442484,0.0096998420221169,0.0039415571076417,332.1129325997408,False,False,
122.0,V-Net,0.014053385814463,0.0070764167143669,0.0234543600445846,0.0100322574100748,279.6730233683614,False,False,
123.0,V-Net,0.007567858243653,0.0037983016259624,0.009562479284057,0.0062617339685502,331.2174512310606,False,False,
124.0,V-Net,0.0007910254566373,0.0003956692205316,0.003530733429626,0.0004454072439414,295.8462438497403,False,False,
125.0,V-Net,0.0067361260649425,0.0033794452169768,0.0199555090290499,0.004051944601282,286.6408903139955,False,False,
126.0,V-Net,0.0101595082323636,0.0051056897647804,0.0181570906264902,0.0070529312888065,298.6452745315084,False,False,
127.0,V-Net,0.0071146756354691,0.0035700376476693,0.0156851561385997,0.004600777949726,310.30791159749697,False,False,
128.0,V-Net,0.0170913986729966,0.0086193577765302,0.0351039872830838,0.0112954615687904,326.8424697006189,False,False,
129.0,V-Net,0.0099517586287557,0.005000762505083,0.0330686163284171,0.0058572236610996,238.6880809759884,False,False,
13.0,V-Net,0.0010771509357748,0.0005388656877273,0.0027703447190303,0.0006685456852213,345.950863563021,False,False,
130.0,V-Net,0.0212932228437887,0.0107611815401932,0.0475384349628605,0.0137191170312468,311.3679495388053,False,False,
131.0,V-Net,0.0052641936436087,0.0026390430385988,0.0239713240235979,0.00295675401833,304.149634226313,False,False,
132.0,V-Net,0.0080717337341049,0.0040522210918952,0.0366705024932873,0.0045349752853334,246.5299170486211,False,False,
133.0,V-Net,0.0056616373833539,0.0028388549754043,0.0158788039514685,0.0034449774530181,260.0038461253987,False,False,
134.0,V-Net,0.0020128087831654,0.0010074182617454,0.0045906017861614,0.0012889920082495,296.89392044971214,False,False,
135.0,V-Net,0.0151791704843039,0.0076476275634449,0.0677398583386992,0.008547216873441,289.9413733843448,False,False,
136.0,V-Net,0.0133084964354119,0.0066988238543998,0.0266923500275178,0.0088639894278825,236.4487259428564,False,False,
137.0,V-Net,0.0090204429912298,0.0045306557565975,0.0104906768070983,0.0079116511326616,331.00151057057127,False,False,
138.0,V-Net,0.0128629593450944,0.0064731113566556,0.0455296493482651,0.0074894302395812,222.46348014898985,False,False,
1.0,3D U-Net,0.0051718396134674,0.0025926241651177,0.002594418823719,0.7893784046173096,,False,True,
10.0,3D U-Net,0.0043087913654744,0.0021590469405055,0.0021609121467918,0.7144271731376648,,False,True,
11.0,3D U-Net,0.0032913533505052,0.0016483892686665,0.0016490507405251,0.8043019771575928,,False,True,
12.0,3D U-Net,0.0048349052667617,0.0024233106523752,0.0024251935537904,0.7573550343513489,,False,True,
13.0,3D U-Net,0.0063780643977224,0.0031992346048355,0.0032018814235925,0.7946577072143555,,False,True,
100.0,3D U-Net,0.0084788231179118,0.0042574610561132,0.004261506255716,0.8176841139793396,,False,True,
101.0,3D U-Net,0.0063428170979022,0.0031814984977245,0.0031835916452109,0.8287153244018555,,False,True,
102.0,3D U-Net,0.0040232054889202,0.0020156574901193,0.0020167583134025,0.7869136333465576,,False,True,
103.0,3D U-Net,0.0066520720720291,0.0033371355384588,0.0033392030745744,0.8435003757476807,,False,True,
104.0,3D U-Net,0.0036965776234865,0.0018517113057896,0.001852830639109,0.754024863243103,,False,True,
105.0,3D U-Net,0.0053524430841207,0.0026834032032638,0.0026855117175728,0.7736147046089172,,False,True,
106.0,3D U-Net,0.0100635774433612,0.0050572357140481,0.0050646169111132,0.7762885689735413,,False,True,
107.0,3D U-Net,0.0051969550549983,0.0026052470784634,0.0026068065781146,0.8132396340370178,,False,True,
108.0,3D U-Net,0.0043942723423242,0.0022019741591066,0.0022033229470252,0.7824838161468506,,False,True,
109.0,3D U-Net,0.0043396931141614,0.0021745653357356,0.0021754496265202,0.8424732685089111,,False,True,
110.0,3D U-Net,0.0060782711952924,0.0030484001617878,0.003050465369597,0.8182701468467712,,False,True,
111.0,3D U-Net,0.0057363794185221,0.0028764398302882,0.0028783255256712,0.8145054578781128,,False,True,
112.0,3D U-Net,0.0063712685368955,0.0031958147883415,0.0031977454200387,0.8411161303520203,,False,True,
113.0,3D U-Net,0.0065018329769372,0.00326151936315,0.0032649559434503,0.7560108304023743,,False,True,
114.0,3D U-Net,0.0039435536600649,0.0019756723195314,0.0019769796635955,0.7492355704307556,,False,True,
115.0,3D U-Net,0.0059371320530772,0.0029774047434329,0.0029794424772262,0.8132012486457825,,False,True,
116.0,3D U-Net,0.0071431845426559,0.0035843944642692,0.003587843151763,0.7885324358940125,,False,True,
117.0,3D U-Net,0.0081212986260652,0.0040772054344415,0.0040828334167599,0.7473235130310059,,False,True,
118.0,3D U-Net,0.0064395880326628,0.0032301945611834,0.0032340157777071,0.7321832180023193,,False,True,
119.0,3D U-Net,0.0060380673967301,0.0030281760264188,0.0030310156289488,0.7637090086936951,,False,True,
120.0,3D U-Net,0.0035946231801062,0.0018005478195846,0.0018013520166277,0.8012984395027161,,False,True,
121.0,3D U-Net,0.0037935290019959,0.001900369185023,0.0019011069089174,0.8303974866867065,,False,True,
122.0,3D U-Net,0.0043761464767158,0.0021928711794316,0.0021941531449556,0.7896167635917664,,False,True,
123.0,3D U-Net,0.0037679062224924,0.0018875090172514,0.0018886829493567,0.7522762417793274,,False,True,
124.0,3D U-Net,0.0047824997454881,0.0023969816975295,0.0023979500401765,0.8558297753334045,,False,True,
125.0,3D U-Net,0.0066842027008533,0.0033533086534589,0.0033574604894965,0.7305722832679749,,False,True,
126.0,3D U-Net,0.0066246562637388,0.0033233361318707,0.0033270246349275,0.7498473525047302,,False,True,
127.0,3D U-Net,0.0035567379090934,0.0017815371975302,0.0017822692170739,0.8126367926597595,,False,True,
128.0,3D U-Net,0.0045079761184751,0.0022590798325836,0.0022601855453103,0.8220219016075134,,False,True,
129.0,3D U-Net,0.0056081027723848,0.0028119361959397,0.0028146207332611,0.7467178702354431,,False,True,
130.0,3D U-Net,0.0044147246517241,0.002212245715782,0.0022134976461529,0.7964066863059998,,False,True,
131.0,3D U-Net,0.0053121112287044,0.0026631290093064,0.0026653218083083,0.7639755010604858,,False,True,
132.0,3D U-Net,0.0047202259302139,0.0023656962439417,0.0023672636598348,0.7813345193862915,,False,True,
133.0,3D U-Net,0.0056253280490636,0.002820597263053,0.0028240913525223,0.6951087117195129,,False,True,
134.0,3D U-Net,0.0050036059692502,0.0025080775376409,0.0025098319165408,0.7820549011230469,,False,True,
135.0,3D U-Net,0.0057528363540768,0.0028847157955169,0.0028868932276964,0.7927218675613403,,False,True,
136.0,3D U-Net,0.0070321871899068,0.0035285002086311,0.0035324934870004,0.7573544383049011,,False,True,
137.0,3D U-Net,0.0033552921377122,0.0016804651822894,0.0016813881229609,0.7538080215454102,,False,True,
138.0,3D U-Net,0.0049675959162414,0.002489982638508,0.0024913467932492,0.8197302222251892,,False,True,
1000.0,3D U-Net,0.0056449454277753,0.0028304615989327,0.002832873025909,0.7687985897064209,,False,True,
1.0,SegResNet,0.7532138228416443,0.6041243076324463,0.7825112342834473,0.7260311245918274,12.611387252807615,False,False,csv_metrics
10.0,SegResNet,0.7528517246246338,0.6036585569381714,0.8231707215309143,0.693601131439209,10.29563045501709,False,False,csv_metrics
11.0,SegResNet,0.7916417121887207,0.6551381945610046,0.8280454277992249,0.7583040595054626,8.485280990600586,False,False,csv_metrics
12.0,SegResNet,0.7612246870994568,0.6144978404045105,0.9168621301651,0.6507584452629089,10.0,False,False,csv_metrics
13.0,SegResNet,0.843949019908905,0.7300275564193726,0.8569328784942627,0.8313527703285217,1.4142135381698608,False,False,csv_metrics
100.0,SegResNet,0.8877691626548767,0.7981878519058228,0.8976303339004517,0.8781222701072693,1.0,False,False,csv_metrics
101.0,SegResNet,0.8451985716819763,0.7318994998931885,0.8598949313163757,0.8309961557388306,4.582575798034668,False,False,csv_metrics
102.0,SegResNet,0.8870535492897034,0.7970317006111145,0.8813093304634094,0.8928731679916382,1.0,False,False,csv_metrics
103.0,SegResNet,0.7837332487106323,0.6443761587142944,0.8483816981315613,0.728239893913269,12.212665557861328,False,False,csv_metrics
104.0,SegResNet,0.7769976854324341,0.6353198885917664,0.7962813377380371,0.7586259841918945,7.687575817108154,False,False,csv_metrics
105.0,SegResNet,0.8384159207344055,0.7217866778373718,0.8650804162025452,0.8133460283279419,7.088657855987549,False,False,csv_metrics
106.0,SegResNet,0.8227822780609131,0.6989210844039917,0.8683632016181946,0.7817478775978088,6.032834529876709,False,False,csv_metrics
107.0,SegResNet,0.7676451802253723,0.6229092478752136,0.7649177312850952,0.7703921794891357,18.6279354095459,False,False,csv_metrics
108.0,SegResNet,0.7151461839675903,0.5565973520278931,0.769774854183197,0.6677574515342712,13.93913745880127,False,False,csv_metrics
109.0,SegResNet,0.8032674789428711,0.6712172031402588,0.7242017984390259,0.9017131328582764,18.468652725219727,False,False,csv_metrics
110.0,SegResNet,0.8272942900657654,0.7054576873779297,0.8489558696746826,0.8067106008529663,7.348469257354736,False,False,csv_metrics
111.0,SegResNet,0.8278111815452576,0.7062097191810608,0.8611739277839661,0.7969369888305664,2.8284270763397217,False,False,csv_metrics
112.0,SegResNet,0.8576592206954956,0.7507910132408142,0.9127017259597778,0.8088780045509338,1.4142135381698608,False,False,csv_metrics
113.0,SegResNet,0.8126981258392334,0.6844915747642517,0.8623962998390198,0.7684158682823181,9.0,False,False,csv_metrics
114.0,SegResNet,0.8147961497306824,0.6874734163284302,0.7938721179962158,0.83685302734375,12.792420387268066,False,False,csv_metrics
115.0,SegResNet,0.8524748086929321,0.742881178855896,0.8455404043197632,0.8595239520072937,12.794525146484377,False,False,csv_metrics
116.0,SegResNet,0.8350123167037964,0.7167563438415527,0.8391162157058716,0.8309484124183655,5.0,False,False,csv_metrics
117.0,SegResNet,0.8116980195045471,0.6830738186836243,0.7714852690696716,0.856333315372467,17.745304107666016,False,False,csv_metrics
118.0,SegResNet,0.8007594347000122,0.6677221655845642,0.75136399269104,0.8571065664291382,14.696938514709473,False,False,csv_metrics
119.0,SegResNet,0.811369776725769,0.6826090812683105,0.7773548364639282,0.848497748374939,11.78982639312744,False,False,csv_metrics
120.0,SegResNet,0.822114109992981,0.6979573369026184,0.7754191160202026,0.8747932314872742,14.866068840026855,False,False,csv_metrics
121.0,SegResNet,0.7284325957298279,0.5728619694709778,0.7165060043334961,0.7407630085945129,25.63590812683105,False,False,csv_metrics
122.0,SegResNet,0.853485643863678,0.7444177865982056,0.844822883605957,0.8623279333114624,1.7320507764816284,False,False,csv_metrics
123.0,SegResNet,0.7759591937065125,0.6339324116706848,0.8409842252731323,0.7202678918838501,11.57583713531494,False,False,csv_metrics
124.0,SegResNet,0.7820700407028198,0.6421305537223816,0.8608665466308594,0.7164886593818665,9.54977798461914,False,False,csv_metrics
125.0,SegResNet,0.7158703804016113,0.5574751496315002,0.8202108144760132,0.6350806355476379,8.83176040649414,False,False,csv_metrics
126.0,SegResNet,0.8526570796966553,0.7431580424308777,0.8531495332717896,0.8521652221679688,1.4142135381698608,False,False,csv_metrics
127.0,SegResNet,0.8278631567955017,0.7062854170799255,0.8725178241729736,0.7875567078590393,8.246211051940918,False,False,csv_metrics
128.0,SegResNet,0.8525550365447998,0.7430030107498169,0.868742823600769,0.8369595408439636,1.4142135381698608,False,False,csv_metrics
129.0,SegResNet,0.7254225015640259,0.5691474080085754,0.8534319996833801,0.6308055520057678,9.110433578491213,False,False,csv_metrics
130.0,SegResNet,0.6983473896980286,0.5365082621574402,0.642530083656311,0.7647850513458252,25.571456909179688,False,False,csv_metrics
131.0,SegResNet,0.7242470383644104,0.5677016377449036,0.8096864819526672,0.655117928981781,23.00434112548828,False,False,csv_metrics
132.0,SegResNet,0.8163136839866638,0.6896368265151978,0.8577101230621338,0.7787291407585144,9.289631843566896,False,False,csv_metrics
133.0,SegResNet,0.773611307144165,0.6308043599128723,0.8476161360740662,0.7114914655685425,22.825424194335938,False,False,csv_metrics
134.0,SegResNet,0.7889119982719421,0.6514076590538025,0.8155385255813599,0.7639691829681396,12.449899673461914,False,False,csv_metrics
135.0,SegResNet,0.814490795135498,0.6870388388633728,0.8483707904815674,0.7832129597663879,7.549834251403809,False,False,csv_metrics
136.0,SegResNet,0.73972487449646,0.5869550704956055,0.8337296843528748,0.6647705435752869,9.48683261871338,False,False,csv_metrics
137.0,SegResNet,0.8947435021400452,0.8095346689224243,0.8642979264259338,0.9274123311042786,1.0,False,False,csv_metrics
138.0,SegResNet,0.7124521732330322,0.5533403754234314,0.8210283517837524,0.629239022731781,10.440306663513184,False,False,csv_metrics
1000.0,SegResNet,0.8402644395828247,0.7245311141014099,0.8082027435302734,0.8749750256538391,3.0568130016326904,False,False,csv_metrics
