Case,Dice,HD95,IoU,Precision,Recall,Model,Original_ID,GPU_Used,Resize_Applied
Case_0,0.011439229361712933,,0.005752516910433769,0.012003503739833832,0.010925624519586563,3D_U-Net,851,True,True
Case_1,0.050749052315950394,,0.026035156100988388,0.04196023941040039,0.06419508159160614,3D_U-Net,852,True,True
Case_2,0.009522954002022743,,0.004784257151186466,0.008140070363879204,0.01147186104208231,3D_U-Net,853,True,True
Case_3,0.0186629481613636,,0.00941937044262886,0.015463778749108315,0.023531096056103706,3D_U-Net,854,True,True
Case_4,0.04920428618788719,,0.025222674012184143,0.04490184783935547,0.05441860482096672,3D_U-Net,855,True,True
Case_5,0.051406484097242355,,0.026381326839327812,0.04290592297911644,0.06410752981901169,3D_U-Net,856,True,True
Case_6,0.05046528950333595,,0.02588581293821335,0.04344797134399414,0.060185983777046204,3D_U-Net,857,True,True
Case_7,0.01998918317258358,,0.010095492005348206,0.017555205151438713,0.02320672944188118,3D_U-Net,858,True,True
Case_8,0.016299325972795486,,0.00821662601083517,0.016436394304037094,0.016164526343345642,3D_U-Net,859,True,True
Case_9,0.036943163722753525,,0.018819201737642288,0.030713802203536034,0.046342287212610245,3D_U-Net,860,True,True
Case_10,0.017482366412878036,,0.008818265050649643,0.014706186950206757,0.021550610661506653,3D_U-Net,861,True,True
Case_11,0.015151421539485455,,0.007633540313690901,0.012973248027265072,0.018208594992756844,3D_U-Net,862,True,True
Case_12,0.021642854437232018,,0.01093981135636568,0.016895100474357605,0.030101899057626724,3D_U-Net,863,True,True
Case_13,0.03642803430557251,,0.01855192333459854,0.03472790867090225,0.038303192704916,3D_U-Net,864,True,True
Case_14,0.029353851452469826,,0.014895547181367874,0.024068718776106834,0.03761313855648041,3D_U-Net,865,True,True
Case_15,0.027200782671570778,,0.013787912204861641,0.022273564711213112,0.034927140921354294,3D_U-Net,866,True,True
Case_16,0.04023846611380577,,0.020532328635454178,0.039182327687740326,0.04135311767458916,3D_U-Net,867,True,True
Case_17,0.03015202097594738,,0.015306775458157063,0.020942728966474533,0.05381761118769646,3D_U-Net,868,True,True
Case_18,0.03817104920744896,,0.01945687085390091,0.03943467512726784,0.03698589280247688,3D_U-Net,869,True,True
Case_19,0.012539184652268887,,0.0063091483898460865,0.01047719456255436,0.015611681155860424,3D_U-Net,870,True,True
Case_20,0.016520312055945396,,0.008328954689204693,0.015503978356719017,0.0176792424172163,3D_U-Net,871,True,True
Case_21,0.03517971932888031,,0.017904803156852722,0.02878241427242756,0.04523351788520813,3D_U-Net,872,True,True
Case_22,0.02756945975124836,,0.013977404683828354,0.02873130328953266,0.02649792842566967,3D_U-Net,873,True,True
Case_23,0.04510718584060669,,0.023073993623256683,0.039130765944719315,0.05323822796344757,3D_U-Net,874,True,True
Case_24,0.03819027915596962,,0.019466860219836235,0.0370064303278923,0.03945237025618553,3D_U-Net,875,True,True
Case_25,0.03943433240056038,,0.020113753154873848,0.03161896765232086,0.05238168686628342,3D_U-Net,876,True,True
Case_26,0.011334898881614208,,0.005699752364307642,0.009083549492061138,0.015069977380335331,3D_U-Net,877,True,True
Case_27,0.01679248921573162,,0.008467338047921658,0.016497980803251266,0.017097702249884605,3D_U-Net,878,True,True
Case_28,0.0439298190176487,,0.02245820127427578,0.03726651892066002,0.05349474400281906,3D_U-Net,879,True,True
Case_29,0.02648991532623768,,0.013422741554677486,0.020816611126065254,0.03641412779688835,3D_U-Net,880,True,True
Case_30,0.024967120960354805,,0.012641369365155697,0.02213739976286888,0.02862628735601902,3D_U-Net,881,True,True
Case_31,0.03481679409742355,,0.017716817557811737,0.032012343406677246,0.03815979138016701,3D_U-Net,882,True,True
Case_32,0.002728348830714822,,0.0013660378754138947,0.0023523063864558935,0.0032474976032972336,3D_U-Net,883,True,True
Case_33,0.007297476287931204,,0.0036621002946048975,0.0076353722251951694,0.006988219916820526,3D_U-Net,884,True,True
Case_34,0.01298772357404232,,0.006536307744681835,0.01023623626679182,0.01776217296719551,3D_U-Net,885,True,True
Case_35,0.055109232664108276,,0.028335388749837875,0.0472995862364769,0.06600780040025711,3D_U-Net,886,True,True
Case_36,0.023879213258624077,,0.01208388339728117,0.022040555253624916,0.026052558794617653,3D_U-Net,887,True,True
Case_37,0.03285403177142143,,0.016701368615031242,0.02457006461918354,0.04956531897187233,3D_U-Net,888,True,True
Case_38,0.04843871667981148,,0.024820495396852493,0.04884856939315796,0.04803568497300148,3D_U-Net,889,True,True
Case_39,0.026378843933343887,,0.013365707360208035,0.025662250816822052,0.027136605232954025,3D_U-Net,890,True,True
Case_40,0.014502194710075855,,0.007304059807211161,0.010942372493445873,0.021495066583156586,3D_U-Net,891,True,True
Case_41,0.03232744336128235,,0.016429278999567032,0.0300806425511837,0.034936971962451935,3D_U-Net,892,True,True
Case_42,0.024393552914261818,,0.012347374111413956,0.021750885993242264,0.027767181396484375,3D_U-Net,893,True,True
Case_43,0.03101809322834015,,0.0157533660531044,0.03000137209892273,0.03210614621639252,3D_U-Net,894,True,True
Case_44,0.03156261146068573,,0.01603434793651104,0.02842102199792862,0.03548503667116165,3D_U-Net,895,True,True
Case_45,0.01810098998248577,,0.009133154526352882,0.014390313066542149,0.024390242993831635,3D_U-Net,896,True,True
Case_46,0.06654047966003418,,0.034415241330862045,0.061678823083639145,0.0722341239452362,3D_U-Net,897,True,True
Case_47,0.03898512199521065,,0.019880075007677078,0.037693243473768234,0.04036870226264,3D_U-Net,898,True,True
Case_48,0.005258158314973116,,0.0026360093615949154,0.005129232537001371,0.005393731873482466,3D_U-Net,899,True,True
Case_49,0.02054162696003914,,0.010377397760748863,0.019785866141319275,0.021357417106628418,3D_U-Net,900,True,True
Case_50,0.02401225082576275,,0.012152024544775486,0.017779609188437462,0.03697321191430092,3D_U-Net,901,True,True
Case_51,0.02128252573311329,,0.010755717754364014,0.01997682824730873,0.022770842537283897,3D_U-Net,902,True,True
Case_52,0.029027247801423073,,0.01472737081348896,0.029248367995023727,0.0288094449788332,3D_U-Net,903,True,True
Case_53,0.018598664551973343,,0.009386621415615082,0.018368279561400414,0.018834901973605156,3D_U-Net,904,True,True
Case_54,0.03807303309440613,,0.019405938684940338,0.03339637443423271,0.0442727692425251,3D_U-Net,905,True,True
Case_55,0.03439635783433914,,0.017499132081866264,0.029963219538331032,0.04036907106637955,3D_U-Net,906,True,True
Case_56,0.033998943865299225,,0.017293451353907585,0.03385207802057266,0.03414709120988846,3D_U-Net,907,True,True
Case_57,0.02858630381524563,,0.014500408433377743,0.025741394609212875,0.03213817998766899,3D_U-Net,908,True,True
Case_58,0.018005164340138435,,0.009084364399313927,0.018470576032996178,0.017562629655003548,3D_U-Net,909,True,True
Case_59,0.0330839529633522,,0.016820214688777924,0.027402663603425026,0.0417371541261673,3D_U-Net,910,True,True
Case_60,0.01547256950289011,,0.007796601392328739,0.01172669231891632,0.022734778001904488,3D_U-Net,911,True,True
Case_61,0.027745509520173073,,0.014067916199564934,0.023720920085906982,0.0334148071706295,3D_U-Net,912,True,True
Case_62,0.03693927079439163,,0.018817180767655373,0.031735483556985855,0.04418433830142021,3D_U-Net,913,True,True
Case_63,0.009894566610455513,,0.004971880931407213,0.00794522650539875,0.01311141811311245,3D_U-Net,914,True,True
Case_64,0.03662240132689476,,0.01865275390446186,0.029875289648771286,0.04730613902211189,3D_U-Net,915,True,True
Case_65,0.02385365031659603,,0.0120707917958498,0.018550768494606018,0.03340182453393936,3D_U-Net,916,True,True
Case_66,0.019799454137682915,,0.009998711757361889,0.017431383952498436,0.02291208505630493,3D_U-Net,917,True,True
Case_67,0.01405421830713749,,0.007076838985085487,0.012192491441965103,0.01658695563673973,3D_U-Net,918,True,True
Case_68,0.015927355736494064,,0.008027607575058937,0.015223545953631401,0.016699396073818207,3D_U-Net,919,True,True
Case_69,0.016374634578824043,,0.008254903368651867,0.011784440837800503,0.026822254061698914,3D_U-Net,920,True,True
Case_70,0.04126806557178497,,0.021068764850497246,0.03415575623512268,0.05212138220667839,3D_U-Net,921,True,True
Case_71,0.030983828008174896,,0.0157356895506382,0.024465594440698624,0.04223672300577164,3D_U-Net,922,True,True
Case_72,0.0231215488165617,,0.011695989407598972,0.021875185891985893,0.024518517777323723,3D_U-Net,923,True,True
Case_73,0.04362358897924423,,0.022298157215118408,0.03923708200454712,0.04911432042717934,3D_U-Net,924,True,True
Case_74,0.015459364280104637,,0.00778989540413022,0.013082333840429783,0.018891995772719383,3D_U-Net,925,True,True
Case_75,0.0018295423360541463,,0.000915608718059957,0.0016094420570880175,0.002119379350915551,3D_U-Net,926,True,True
Case_76,0.01996554248034954,,0.01008343230932951,0.016966627910733223,0.024252213537693024,3D_U-Net,927,True,True
Case_77,0.02604830451309681,,0.013196018524467945,0.02361353673040867,0.029042884707450867,3D_U-Net,928,True,True
Case_78,0.012687750160694122,,0.006384376436471939,0.010150017216801643,0.016917508095502853,3D_U-Net,929,True,True
Case_79,0.02693384326994419,,0.013650755397975445,0.025489913299679756,0.028551185503602028,3D_U-Net,930,True,True
Case_80,0.06827008724212646,,0.035341426730155945,0.04806886240839958,0.11775901913642883,3D_U-Net,931,True,True
Case_81,0.061512164771556854,,0.03173203393816948,0.05994744226336479,0.06316075474023819,3D_U-Net,932,True,True
Case_82,0.034974902868270874,,0.017798706889152527,0.03289901837706566,0.03733040764927864,3D_U-Net,933,True,True
Case_83,0.012168158777058125,,0.006121322046965361,0.011102377437055111,0.013460289686918259,3D_U-Net,934,True,True
Case_84,0.026665836572647095,,0.013513087294995785,0.023022277280688286,0.031679511070251465,3D_U-Net,935,True,True
Case_85,0.016896942630410194,,0.008520456962287426,0.015159067697823048,0.019084885716438293,3D_U-Net,936,True,True
Case_86,0.05363646522164345,,0.027557270601391792,0.049378663301467896,0.05869784206151962,3D_U-Net,937,True,True
Case_87,0.0431654155254364,,0.022058796137571335,0.03801822289824486,0.0499245785176754,3D_U-Net,938,True,True
Case_88,0.05332721769809723,,0.02739403210580349,0.047237515449523926,0.06121942028403282,3D_U-Net,939,True,True
Case_89,0.010916323401033878,,0.005488116759806871,0.009193303994834423,0.013434169813990593,3D_U-Net,940,True,True
Case_90,0.018354447558522224,,0.009262225590646267,0.014672677963972092,0.02450288087129593,3D_U-Net,941,True,True
Case_91,0.045107483863830566,,0.02307415008544922,0.03674528747797012,0.05839700251817703,3D_U-Net,942,True,True
Case_92,0.0427720844745636,,0.021853400394320488,0.03126076981425285,0.06770253926515579,3D_U-Net,943,True,True
Case_93,0.026288628578186035,,0.013319388031959534,0.02174685336649418,0.03322826325893402,3D_U-Net,944,True,True
Case_94,0.027927694842219353,,0.014161597937345505,0.022076383233070374,0.03799936920404434,3D_U-Net,945,True,True
Case_95,0.018753763288259506,,0.009465639479458332,0.016535021364688873,0.021660223603248596,3D_U-Net,946,True,True
Case_96,0.020149149000644684,,0.010177104733884335,0.02338416874408722,0.017700431868433952,3D_U-Net,947,True,True
Case_97,0.0352238304913044,,0.017927654087543488,0.029153045266866684,0.04448792338371277,3D_U-Net,948,True,True
Case_98,0.014022573828697205,,0.007060792297124863,0.0107011329382658,0.02033383585512638,3D_U-Net,949,True,True
Case_99,0.01781350187957287,,0.008986793458461761,0.013530460186302662,0.026064015924930573,3D_U-Net,950,True,True
Case_100,0.027201058343052864,,0.013788053765892982,0.025264902040362358,0.02945859357714653,3D_U-Net,951,True,True
Case_101,0.025093471631407738,,0.012706156820058823,0.0212008785456419,0.030736934393644333,3D_U-Net,952,True,True
Case_102,0.0574224628508091,,0.02955993264913559,0.060645103454589844,0.05452503636479378,3D_U-Net,953,True,True
Case_103,0.03968188539147377,,0.02024257369339466,0.04017291218042374,0.03920271620154381,3D_U-Net,954,True,True
Case_104,0.03545050695538521,,0.018045106902718544,0.034267570823431015,0.036718036979436874,3D_U-Net,955,True,True
Case_105,0.031046051532030106,,0.015767790377140045,0.028959818184375763,0.03345620259642601,3D_U-Net,956,True,True
Case_106,0.04554415121674538,,0.023302726447582245,0.0431235134601593,0.04825270548462868,3D_U-Net,957,True,True
Case_107,0.028850538656115532,,0.014636402949690819,0.02553822100162506,0.033150121569633484,3D_U-Net,958,True,True
Case_108,0.03283785283565521,,0.016693009063601494,0.029640451073646545,0.03680849447846413,3D_U-Net,959,True,True
Case_109,0.02262120693922043,,0.011439996771514416,0.017771273851394653,0.031111914664506912,3D_U-Net,960,True,True
Case_110,0.028084052726626396,,0.014242012985050678,0.026436207816004753,0.029950985684990883,3D_U-Net,961,True,True
Case_111,0.040280431509017944,,0.020554181188344955,0.03626870736479759,0.045290011912584305,3D_U-Net,962,True,True
Case_112,0.049266424030065536,,0.02525533176958561,0.04935520887374878,0.04917795583605766,3D_U-Net,963,True,True
Case_113,0.05553166940808296,,0.028558794409036636,0.04833552986383438,0.06524533033370972,3D_U-Net,964,True,True
Case_114,0.050120361149311066,,0.025704335421323776,0.04507642984390259,0.05643531680107117,3D_U-Net,965,True,True
Case_115,0.033518772572278976,,0.017045050859451294,0.029542097821831703,0.038732584565877914,3D_U-Net,966,True,True
Case_116,0.015049499459564686,,0.007581800688058138,0.013340041041374207,0.01726146973669529,3D_U-Net,967,True,True
Case_117,0.026143478229641914,,0.013244871981441975,0.02164018154144287,0.03301355987787247,3D_U-Net,968,True,True
Case_118,0.04049922898411751,,0.020668135955929756,0.03640398010611534,0.04563264921307564,3D_U-Net,969,True,True
Case_119,0.02933524362742901,,0.014885962940752506,0.029065052047371864,0.02961050532758236,3D_U-Net,970,True,True
Case_120,0.019395411014556885,,0.009792672470211983,0.015819799154996872,0.02505936287343502,3D_U-Net,971,True,True
Case_121,0.031594227999448776,,0.0160506684333086,0.02512209117412567,0.0425584502518177,3D_U-Net,972,True,True
Case_122,0.039405323565006256,,0.02009866014122963,0.032638102769851685,0.04971284046769142,3D_U-Net,973,True,True
Case_123,0.0490703247487545,,0.02515227720141411,0.045105960220098495,0.05379869416356087,3D_U-Net,974,True,True
Case_124,0.03377397730946541,,0.01717705838382244,0.031117955222725868,0.03692571446299553,3D_U-Net,975,True,True
Case_125,0.03845922648906708,,0.019606640562415123,0.03917945548892021,0.03776499629020691,3D_U-Net,976,True,True
Case_126,0.04836830496788025,,0.02478352002799511,0.04848084971308708,0.0482562780380249,3D_U-Net,977,True,True
Case_127,0.0166487917304039,,0.008394273929297924,0.013322285376489162,0.022189363837242126,3D_U-Net,978,True,True
Case_128,0.03412337601184845,,0.01735784113407135,0.030217939987778664,0.039188139140605927,3D_U-Net,979,True,True
Case_129,0.031180599704384804,,0.015837207436561584,0.028379224240779877,0.034595608711242676,3D_U-Net,980,True,True
Case_130,0.031333085149526596,,0.0159158892929554,0.0219496451318264,0.054730143398046494,3D_U-Net,981,True,True
Case_131,0.02177216298878193,,0.011005892418324947,0.019565824419260025,0.024539340287446976,3D_U-Net,982,True,True
Case_132,0.029429296031594276,,0.014934402890503407,0.030277976766228676,0.02862689644098282,3D_U-Net,983,True,True
Case_133,0.022538090124726295,,0.011397483758628368,0.020341945812106133,0.025265824049711227,3D_U-Net,984,True,True
Case_134,0.03926948457956314,,0.02002798765897751,0.036437734961509705,0.04257845878601074,3D_U-Net,985,True,True
Case_135,0.04027308151125908,,0.020550355315208435,0.0416736863553524,0.03896356374025345,3D_U-Net,986,True,True
Case_136,0.013780619949102402,,0.006938115693628788,0.013795384205877781,0.01376588735729456,3D_U-Net,987,True,True
Case_137,0.027275748550891876,,0.013826437294483185,0.019800197333097458,0.043819937855005264,3D_U-Net,988,True,True
Case_138,0.016275865957140923,,0.008204702287912369,0.015056325122714043,0.017710382118821144,3D_U-Net,989,True,True
Case_139,0.012854304164648056,,0.006468727719038725,0.010253909043967724,0.01722174510359764,3D_U-Net,990,True,True
Case_140,0.02249874174594879,,0.011377358809113503,0.02344045415520668,0.02162977308034897,3D_U-Net,991,True,True
Case_141,0.026775499805808067,,0.013569413684308529,0.026108453050255775,0.027477525174617767,3D_U-Net,992,True,True
Case_142,0.03527526557445526,,0.017954302951693535,0.032123416662216187,0.03911289945244789,3D_U-Net,993,True,True
Case_143,0.033030539751052856,,0.016792604699730873,0.029338551685214043,0.037785500288009644,3D_U-Net,994,True,True
Case_144,0.03359135612845421,,0.017082592472434044,0.026920735836029053,0.04465673863887787,3D_U-Net,995,True,True
Case_145,0.029597405344247818,,0.01502099446952343,0.027484403923153877,0.032062362879514694,3D_U-Net,996,True,True
Case_146,0.04762432351708412,,0.02439301274716854,0.05464562028646469,0.042201895266771317,3D_U-Net,997,True,True
Case_147,0.06132211163640022,,0.03163089230656624,0.06650108098983765,0.05689151585102081,3D_U-Net,998,True,True
Case_148,0.03210223838686943,,0.016312960535287857,0.030343305319547653,0.03407764062285423,3D_U-Net,999,True,True
Case_149,0.013720715418457985,,0.006907747592777014,0.013423626311123371,0.01403125375509262,3D_U-Net,1000,True,True
