case_id,dice,iou,precision,recall,hd95
851,0.8086097395543914,0.6787110541359908,0.9171212463551944,0.7230591748099279,4.9517107848970365
852,0.8037379930867622,0.6718745462465027,0.9515896845308116,0.6956521739129912,2.5240277524168993
853,0.8100295662656938,0.6807140272583909,0.92813445599248,0.7185892538832801,12.103331128245967
854,0.719136470883207,0.5614465979674514,0.8126432932325907,0.6449278325223203,11.435400854698468
855,0.7338983375836129,0.579651981644941,0.9615384615383408,0.5934108527131323,20.904345433827196
856,0.8010543459065085,0.6681323237392075,0.905497722836561,0.7182130584191597,2.54296875
857,0.7565268867867236,0.6083982667158535,0.9097160345561432,0.6474939166040072,8.020252768920825
858,0.7021209076003132,0.540975589877283,0.939839643179359,0.5603807634263895,19.760835442688126
859,0.8037929460790948,0.671951351101331,0.9480122656690718,0.6976593446164369,2.0830094149226137
860,0.7288777150547343,0.5734127421785542,0.92910243274787,0.5996509142355791,17.096880140858296
861,0.5525969402066598,0.3817851126316947,0.954100070786873,0.3889285443085445,33.82134810788281
862,0.7160094630020042,0.5576438784946605,0.9274930190732018,0.5830618407937561,12.177868283144214
863,0.7521644890594461,0.6027753517709264,0.9604477842717383,0.6181188552321958,3.9724973273583384
864,0.8248713949780364,0.7019413802480106,0.8787930370939874,0.7771843357485042,2.8096962845005455
865,0.74685075589097,0.5959790977825388,0.9139924116164473,0.6313887834212364,30.530502325704074
866,0.6801500338440991,0.5153237498842802,0.9461112605659385,0.5309068662502955,34.43047725007691
867,0.7007247511529925,0.5393197105654279,0.9433289846309747,0.5573787443655056,16.902856651181846
868,0.8139698565637437,0.6862977817793472,0.8839513982233247,0.7542561565274364,2.1489488027943455
869,0.6366705638627105,0.4669968585630955,0.9349164467896851,0.48268891045255885,5.430507729474337
870,0.7478436045851246,0.5972445673108929,0.8956131706818282,0.6419299057453126,7.501285696612284
871,0.8047363793161416,0.6732710386146611,0.9164885319774957,0.7172753168849026,5.1116001521757015
872,0.7927722981426372,0.6566882924595988,0.9321716534829508,0.6896415243694604,3.0674013114791587
873,0.853024973698787,0.7437171290901061,0.9673227378854538,0.7628835173354469,0.9673629182602567
874,0.7413274442768747,0.5889756163396854,0.8196303078679595,0.6766811391946198,11.882915038734133
875,0.7596917212231391,0.6125023385091928,0.9113611961664502,0.6513015800840732,10.756616223055754
876,0.7237807355014024,0.5671288278082546,0.9530694440072759,0.5834216152704718,5.875
877,0.7692613163754987,0.6250403327780673,0.9144191268402294,0.6638755870065982,11.465724269283145
878,0.7695814896920287,0.6254631926005437,0.8999653641486508,0.6721960473812002,4.138671875
879,0.8185289282494129,0.6928048835225376,0.9584337199770301,0.7142658818302315,6.41928040746835
880,0.5954176746833036,0.42391084093205617,0.8543258853039921,0.45693959061400763,51.69903891724793
881,0.7488245653028347,0.5984968570647173,0.9081069873521449,0.6370803514283434,9.21277696459727
882,0.7723206685753783,0.6290899006006423,0.9694141186525341,0.6418291490893712,6.884084906507182
883,0.6773257758667462,0.5120881344086046,0.932248505850881,0.5318827844425258,23.67568684570809
884,0.8306643737279057,0.7103729289221342,0.929423810196136,0.750877092900432,2.0251796689801105
885,0.763919223375837,0.6180172346520609,0.951382334265595,0.6381719811211422,4.086960615214257
886,0.6842734677935388,0.520072713473383,0.8294287610791429,0.5823572549637384,17.881042400211253
887,0.6725188882093842,0.5066127737985179,0.969776273307689,0.5147399651222971,34.05112698332812
888,0.806397842413724,0.6756001882942608,0.9372836711145837,0.7075876349651256,4.6450850458061685
889,0.7220143225571038,0.5649627654683677,0.9410710730637619,0.5856826976229403,18.324744906171045
890,0.8569048294928071,0.7496355960567985,0.9229388775156299,0.7996890117483529,0.7118732037743472
891,0.8249945695459543,0.7021197929503695,0.9039556987130248,0.7587198849333762,3.175092296310123
892,0.7173993048456054,0.5593317605049697,0.8791781508393005,0.6059057157658017,9.90234375
893,0.7356259559648974,0.5818103902364469,0.9714532743018394,0.591930532090705,15.700006777419608
894,0.678992581520441,0.5139960397057737,0.9341582538791207,0.533316878906501,23.65225421829631
895,0.7716726087204833,0.628230400297963,0.8160775853377406,0.731850646415267,5.341100203084991
896,0.5904610974100027,0.4189037254133556,0.9334008894891254,0.43181019103298063,26.037827978733272
897,0.7977089956142757,0.6634907794405747,0.927024792523424,0.7000545312289521,2.059923817235118
898,0.8281709886787003,0.7067336451628667,0.9310407033600514,0.745771477245015,1.0982191061341653
899,0.8300226448743485,0.70943479481721,0.9365707703916254,0.7452409797207538,3.2678670533124508
900,0.8180747135424385,0.6921543374322355,0.9068571362526835,0.7451259698203523,3.011251331675842
901,0.7111429060581168,0.5517624175719388,0.8726440576229183,0.6000846163370827,7.426138269790751
902,0.6132074151148235,0.4421767334194362,0.8942583797170841,0.4665715218903657,9.978308994545369
903,0.8759890663213475,0.7793421221041141,0.9218374894563962,0.8344851890282481,0.5927501089416944
904,0.6784852246473967,0.5134147852916475,0.8245628738750145,0.5763758192669197,9.043738155713132
905,0.668059430350959,0.5015684975546537,0.9191765903124531,0.5247097911718908,12.854308751504451
906,0.8077685888560038,0.6775266792215413,0.9193845498588171,0.7203196823198058,3.8203125
907,0.8109529065320462,0.6820191655881647,0.9342302416375505,0.7164173065874176,2.8092673479444
908,0.7983378302030826,0.6643612907760946,0.9246226853549419,0.7024036272751115,6.018780840763054
909,0.628943903700532,0.4587295190897552,0.8293238676875052,0.5065516653726964,12.640902652972894
910,0.730812656624309,0.5758114910605298,0.9040306317107832,0.6133004243045552,21.34069004707829
911,0.7851711503713621,0.6463224433724815,0.9549498679932006,0.6666489106695076,3.7402093871554336
912,0.8160585278728223,0.6892726938660378,0.875595793818378,0.7641023991766082,4.539770134919811
913,0.7799001892961162,0.6392101551480337,0.95138406300658,0.660794191881036,3.843794659610982
914,0.7498376395980625,0.599792205675576,0.822861934041249,0.6887178647452936,4.0453712291145365
915,0.7968309968123976,0.6622768660938922,0.9149883174455704,0.7057001706145066,6.721009566162234
916,0.7709644702737967,0.6272922561038958,0.8586335492815307,0.6995393859127366,5.873441448854751
917,0.7517639339546837,0.6022610261025668,0.9614120189432892,0.6171800056080655,12.816108366315131
918,0.8057433004230856,0.6746818340717988,0.8376422287389047,0.7761847826086113,2.463256905505297
919,0.8048094226780652,0.6733732995798902,0.938926115921981,0.7042184886173027,4.872039678603081
920,0.7159650802903001,0.5575900384797703,0.8556169245823,0.6155039314647701,11.724664915303038
921,0.8180699133551945,0.6921474650649465,0.9251395439984694,0.7332126522348426,0.904640610291768
922,0.7721009444185659,0.6287983860798404,0.9284617174770937,0.6608142577929803,7.568140977144989
923,0.823410047854946,0.6998275366484119,0.9590341513372042,0.7213925925925391,3.8531612217398585
924,0.6986771152274205,0.5368975858359103,0.7757622070354228,0.6355267838087333,20.638432667465246
925,0.7909061980694557,0.6541313807139084,0.9336215963537066,0.6860370970115455,3.668035788424346
926,0.7858841502961254,0.6472892603187779,0.938793429978145,0.6758093302264792,6.173286836639915
927,0.7204153948706647,0.5630072384294185,0.8897188810702469,0.6052442316987626,7.77734375
928,0.7670127804731444,0.6220768296101858,0.9544268219231717,0.6411204870341924,5.712914997277071
929,0.8195243316724814,0.6942322943712783,0.9309325058635359,0.7319313678325966,5.5277122683482425
930,0.7513526588498579,0.6017332789559133,0.9509216292857963,0.621019845528925,17.336024637849953
931,0.4414360272022076,0.28323253642889085,0.5989442513194287,0.34952039870761864,47.24858624039259
932,0.8034002826044393,0.6714027012751322,0.8884417996284834,0.7332168725330444,2.5758823697735416
933,0.7739918003055224,0.6313104598308577,0.8617073349811717,0.7024840383079906,20.794323770585237
934,0.8382348096589044,0.7215182694644153,0.948262276928218,0.75108584729818,0.6897158891982264
935,0.8274889324806753,0.705740828725301,0.9433431972649962,0.7369787818008301,0.765625
936,0.7789728597608441,0.6379652295101901,0.952311098071513,0.6590191771719062,19.63497907263912
937,0.7426388005775612,0.5906328276383014,0.8808909565093563,0.6418959176544858,8.786574986696168
938,0.7466516342529858,0.595725541803352,0.9547990922438987,0.6130138160375216,15.890098863651271
939,0.586026824977972,0.41445399059203686,0.9497973183658627,0.423736560742421,26.634094690828146
940,0.7988800467145691,0.6651126263695709,0.8768158811541319,0.7336679271226217,9.054294844268831
941,0.7860168737317442,0.6474693566358986,0.9350226980146124,0.6779744285730999,4.047872177458061
942,0.7230869481509468,0.5662773570243251,0.9238410596024742,0.5940070076402022,11.323551407013841
943,0.7673758019982408,0.6225545492634778,0.7492726826050571,0.7863753562219045,17.33213284478798
944,0.817551986004492,0.6914062828368858,0.9454125382191607,0.7201558532527169,0.8385254915624212
945,0.7690025954763905,0.6246987951806374,0.8773096963985316,0.6844987173523929,4.193686854061905
946,0.6516325816290348,0.4832752354816665,0.8272484901244488,0.5375223908738879,17.350590777262216
947,0.7555633619965193,0.6071529388661457,0.9223870300102625,0.6398411682154939,12.892462765673127
948,0.6862202656394264,0.5223252023851737,0.9577311382010308,0.5346502237258123,52.17634488096249
949,0.7679188753168427,0.6232697343807789,0.956183791938448,0.6415941375173969,5.228282392510182
950,0.7429278320507247,0.5909985528219116,0.8685979241107563,0.6490257779471967,28.07747089645525
951,0.7846369174376366,0.6455987751276582,0.9270578647105886,0.680147953472479,11.688084878413571
952,0.8156325487495585,0.6886651164623134,0.924059335254644,0.7299786940718627,6.070370942648205
953,0.7357418182710731,0.5819553544553019,0.9353225290458778,0.6063564487654545,11.69610872376203
954,0.7704540678437876,0.6266167433799475,0.8934732833079172,0.6772112204131898,5.420960239741898
955,0.7739250064487585,0.6312215896412162,0.8876069065676145,0.6860569860583243,3.5374674118212406
956,0.8176289571106151,0.6915163915995085,0.8504528171447148,0.7872446628781054,3.934525976906929
957,0.4945564646008882,0.3285121314561792,0.9290627080011842,0.3369642347673806,48.419534779482696
958,0.748593253977231,0.5982013892416802,0.7943787409998367,0.7077980075574796,11.799757625213523
959,0.7204323919019794,0.5630280005078022,0.9226644900048139,0.5909142160128137,25.637253108669373
960,0.7831125089221547,0.6435373152110563,0.9447927879438988,0.6686823861038522,6.441639628920544
961,0.8180038614179436,0.6920529050113782,0.9488926216248369,0.7188472052030448,0.71484375
962,0.6804665022126362,0.515687175318902,0.9491979653165924,0.5303241750254012,16.399243411778478
963,0.8086981130097578,0.6788355847004394,0.9096511015569635,0.7279142609154604,5.4865808642612865
964,0.7790487544113243,0.6380670458595665,0.9393859879295701,0.6654651548090917,2.0128978643984894
965,0.7402839978153609,0.5876594379459634,0.9578004211477045,0.6032793014126095,12.6796875
966,0.81660103155206,0.6900471044207978,0.925474544923496,0.7306471569207035,3.8733825135238225
967,0.7511954958687391,0.6015316996244446,0.9547245557949899,0.6191949469217353,5.722552593451147
968,0.748687315634163,0.5983215266563021,0.9588945350131366,0.6140715918850497,12.771426538077707
969,0.8044357314341265,0.6728502620767337,0.9113961699350548,0.7199439160255621,2.206751226704655
970,0.6867317875097312,0.5229181525741222,0.9750040709979442,0.5300236057833387,23.121862465672137
971,0.6876321970335513,0.5239630197260569,0.8862853319951688,0.5617261702848794,5.413364910415731
972,0.7666236108547808,0.6215650125961004,0.8594498645346992,0.6918944473095354,5.353729744783143
973,0.8031259713156252,0.6710196328668235,0.9505271013105588,0.6953031898943856,5.171031871655384
974,0.775497300099878,0.633316121036836,0.9393995098038497,0.6602924392186909,12.471373470873207
975,0.7432551021731196,0.5914128662533905,0.9776974080770438,0.5995006834220898,10.383914105464191
976,0.6866820189165358,0.5228604411172649,0.9329473815615548,0.5432761769756614,15.026787851646391
977,0.7628601898146995,0.6166321571208975,0.962969978217504,0.6316088384061912,6.624273584235394
978,0.5368346023434696,0.3668994655035496,0.8278681788295472,0.3972004534476419,35.617940691692
979,0.8105971243663291,0.6815160287337227,0.9534034947377755,0.7049983363524802,6.054445874715003
980,0.7863796781759128,0.6479618576211494,0.9339635509016867,0.6790732801366522,3.854709291493177
981,0.825437744155067,0.7027620205293249,0.889235436115253,0.7701815086867412,1.0
982,0.792382331643679,0.6561533111073015,0.9416239286819018,0.6839762982222812,16.54564447369214
983,0.771325143734047,0.6277699423899417,0.9032252517174484,0.6730395894333775,2.3495403733114086
984,0.7836352339530192,0.6442436149311744,0.9661471376799496,0.6591224296998393,14.20801663908113
985,0.7633157313719852,0.6172276552193976,0.949331887505081,0.6382535893606013,6.538459583010767
986,0.6780265221730668,0.512889655916252,0.9452497308041174,0.5285927353237674,23.166326296198694
987,0.7639434560714039,0.6180489556273366,0.9393698158752382,0.643727920246693,13.317383435516204
988,0.8113550781320322,0.6825882677031753,0.9447763090999525,0.7109541875218046,2.7008265607639683
989,0.765066487618215,0.6195203870876017,0.9324694693821308,0.6486217024601433,7.796001316569447
990,0.8064991770299466,0.675742455730324,0.9424201950045489,0.7048428665613745,4.087961078734728
991,0.7466936114551744,0.5957789877079753,0.9696588417153235,0.6070966362438687,9.797691493712028
992,0.829312211656104,0.708397422364236,0.9347226275434518,0.7452670544684563,0.6728338452402505
993,0.7859771312798914,0.6474154248086882,0.908414878654509,0.6926240495570384,4.144959625593416
994,0.7969956479011222,0.6625043762398752,0.9550683938761333,0.6838174658326909,3.5359906484102535
995,0.6820617311900417,0.517521759047117,0.9244249477223102,0.5403850497587739,11.495046103910825
996,0.7931817893360245,0.6572504311976087,0.9361695753125705,0.6880856170792984,1.7942926841996167
997,0.7388810115384875,0.5858931776452568,0.9149558227755608,0.6196374902499484,5.174683698487718
998,0.822226897385972,0.6981199481980586,0.8965739725142914,0.759265892409359,5.872270294818803
999,0.5685327886608665,0.3971678737433362,0.7956775017864315,0.4422750526632029,37.40435089715731
1000,0.8021502764414402,0.6696585228223958,0.8835840342487833,0.7344602173828246,2.240435297768344
