Original_ID,Dice,IoU,Precision,Recall,HD95,Model,Case_ID
851.0,0.0114392293617129,0.0057525169104337,0.0120035037398338,0.0109256245195865,,3D U-Net,851
852.0,0.0507490523159503,0.0260351561009883,0.0419602394104003,0.0641950815916061,,3D U-Net,852
853.0,0.0095229540020227,0.0047842571511864,0.0081400703638792,0.0114718610420823,,3D U-Net,853
854.0,0.0186629481613636,0.0094193704426288,0.0154637787491083,0.0235310960561037,,3D U-Net,854
855.0,0.0492042861878871,0.0252226740121841,0.0449018478393554,0.0544186048209667,,3D U-Net,855
856.0,0.0514064840972423,0.0263813268393278,0.0429059229791164,0.0641075298190116,,3D U-Net,856
857.0,0.0504652895033359,0.0258858129382133,0.0434479713439941,0.0601859837770462,,3D U-Net,857
858.0,0.0199891831725835,0.0100954920053482,0.0175552051514387,0.0232067294418811,,3D U-Net,858
859.0,0.0162993259727954,0.0082166260108351,0.016436394304037,0.0161645263433456,,3D U-Net,859
860.0,0.0369431637227535,0.0188192017376422,0.030713802203536,0.0463422872126102,,3D U-Net,860
861.0,0.017482366412878,0.0088182650506496,0.0147061869502067,0.0215506106615066,,3D U-Net,861
862.0,0.0151514215394854,0.0076335403136909,0.012973248027265,0.0182085949927568,,3D U-Net,862
863.0,0.021642854437232,0.0109398113563656,0.0168951004743576,0.0301018990576267,,3D U-Net,863
864.0,0.0364280343055725,0.0185519233345985,0.0347279086709022,0.038303192704916,,3D U-Net,864
865.0,0.0293538514524698,0.0148955471813678,0.0240687187761068,0.0376131385564804,,3D U-Net,865
866.0,0.0272007826715707,0.0137879122048616,0.0222735647112131,0.0349271409213542,,3D U-Net,866
867.0,0.0402384661138057,0.0205323286354541,0.0391823276877403,0.0413531176745891,,3D U-Net,867
868.0,0.0301520209759473,0.015306775458157,0.0209427289664745,0.0538176111876964,,3D U-Net,868
869.0,0.0381710492074489,0.0194568708539009,0.0394346751272678,0.0369858928024768,,3D U-Net,869
870.0,0.0125391846522688,0.006309148389846,0.0104771945625543,0.0156116811558604,,3D U-Net,870
871.0,0.0165203120559453,0.0083289546892046,0.015503978356719,0.0176792424172163,,3D U-Net,871
872.0,0.0351797193288803,0.0179048031568527,0.0287824142724275,0.0452335178852081,,3D U-Net,872
873.0,0.0275694597512483,0.0139774046838283,0.0287313032895326,0.0264979284256696,,3D U-Net,873
874.0,0.0451071858406066,0.0230739936232566,0.0391307659447193,0.0532382279634475,,3D U-Net,874
875.0,0.0381902791559696,0.0194668602198362,0.0370064303278923,0.0394523702561855,,3D U-Net,875
876.0,0.0394343324005603,0.0201137531548738,0.0316189676523208,0.0523816868662834,,3D U-Net,876
877.0,0.0113348988816142,0.0056997523643076,0.0090835494920611,0.0150699773803353,,3D U-Net,877
878.0,0.0167924892157316,0.0084673380479216,0.0164979808032512,0.0170977022498846,,3D U-Net,878
879.0,0.0439298190176487,0.0224582012742757,0.03726651892066,0.053494744002819,,3D U-Net,879
880.0,0.0264899153262376,0.0134227415546774,0.0208166111260652,0.0364141277968883,,3D U-Net,880
881.0,0.0249671209603548,0.0126413693651556,0.0221373997628688,0.028626287356019,,3D U-Net,881
882.0,0.0348167940974235,0.0177168175578117,0.0320123434066772,0.038159791380167,,3D U-Net,882
883.0,0.0027283488307148,0.0013660378754138,0.0023523063864558,0.0032474976032972,,3D U-Net,883
884.0,0.0072974762879312,0.0036621002946048,0.0076353722251951,0.0069882199168205,,3D U-Net,884
885.0,0.0129877235740423,0.0065363077446818,0.0102362362667918,0.0177621729671955,,3D U-Net,885
886.0,0.0551092326641082,0.0283353887498378,0.0472995862364769,0.0660078004002571,,3D U-Net,886
887.0,0.023879213258624,0.0120838833972811,0.0220405552536249,0.0260525587946176,,3D U-Net,887
888.0,0.0328540317714214,0.0167013686150312,0.0245700646191835,0.0495653189718723,,3D U-Net,888
889.0,0.0484387166798114,0.0248204953968524,0.0488485693931579,0.0480356849730014,,3D U-Net,889
890.0,0.0263788439333438,0.013365707360208,0.025662250816822,0.027136605232954,,3D U-Net,890
891.0,0.0145021947100758,0.0073040598072111,0.0109423724934458,0.0214950665831565,,3D U-Net,891
892.0,0.0323274433612823,0.016429278999567,0.0300806425511837,0.0349369719624519,,3D U-Net,892
893.0,0.0243935529142618,0.0123473741114139,0.0217508859932422,0.0277671813964843,,3D U-Net,893
894.0,0.0310180932283401,0.0157533660531044,0.0300013720989227,0.0321061462163925,,3D U-Net,894
895.0,0.0315626114606857,0.016034347936511,0.0284210219979286,0.0354850366711616,,3D U-Net,895
896.0,0.0181009899824857,0.0091331545263528,0.0143903130665421,0.0243902429938316,,3D U-Net,896
897.0,0.0665404796600341,0.034415241330862,0.0616788230836391,0.0722341239452362,,3D U-Net,897
898.0,0.0389851219952106,0.019880075007677,0.0376932434737682,0.04036870226264,,3D U-Net,898
899.0,0.0052581583149731,0.0026360093615949,0.0051292325370013,0.0053937318734824,,3D U-Net,899
900.0,0.0205416269600391,0.0103773977607488,0.0197858661413192,0.0213574171066284,,3D U-Net,900
901.0,0.0240122508257627,0.0121520245447754,0.0177796091884374,0.0369732119143009,,3D U-Net,901
902.0,0.0212825257331132,0.010755717754364,0.0199768282473087,0.0227708425372838,,3D U-Net,902
903.0,0.029027247801423,0.0147273708134889,0.0292483679950237,0.0288094449788332,,3D U-Net,903
904.0,0.0185986645519733,0.009386621415615,0.0183682795614004,0.0188349019736051,,3D U-Net,904
905.0,0.0380730330944061,0.0194059386849403,0.0333963744342327,0.0442727692425251,,3D U-Net,905
906.0,0.0343963578343391,0.0174991320818662,0.029963219538331,0.0403690710663795,,3D U-Net,906
907.0,0.0339989438652992,0.0172934513539075,0.0338520780205726,0.0341470912098884,,3D U-Net,907
908.0,0.0285863038152456,0.0145004084333777,0.0257413946092128,0.0321381799876689,,3D U-Net,908
909.0,0.0180051643401384,0.0090843643993139,0.0184705760329961,0.0175626296550035,,3D U-Net,909
910.0,0.0330839529633522,0.0168202146887779,0.027402663603425,0.0417371541261673,,3D U-Net,910
911.0,0.0154725695028901,0.0077966013923287,0.0117266923189163,0.0227347780019044,,3D U-Net,911
912.0,0.027745509520173,0.0140679161995649,0.0237209200859069,0.0334148071706295,,3D U-Net,912
913.0,0.0369392707943916,0.0188171807676553,0.0317354835569858,0.0441843383014202,,3D U-Net,913
914.0,0.0098945666104555,0.0049718809314072,0.0079452265053987,0.0131114181131124,,3D U-Net,914
915.0,0.0366224013268947,0.0186527539044618,0.0298752896487712,0.0473061390221118,,3D U-Net,915
916.0,0.023853650316596,0.0120707917958498,0.018550768494606,0.0334018245339393,,3D U-Net,916
917.0,0.0197994541376829,0.0099987117573618,0.0174313839524984,0.0229120850563049,,3D U-Net,917
918.0,0.0140542183071374,0.0070768389850854,0.0121924914419651,0.0165869556367397,,3D U-Net,918
919.0,0.015927355736494,0.0080276075750589,0.0152235459536314,0.0166993960738182,,3D U-Net,919
920.0,0.016374634578824,0.0082549033686518,0.0117844408378005,0.0268222540616989,,3D U-Net,920
921.0,0.0412680655717849,0.0210687648504972,0.0341557562351226,0.0521213822066783,,3D U-Net,921
922.0,0.0309838280081748,0.0157356895506382,0.0244655944406986,0.0422367230057716,,3D U-Net,922
923.0,0.0231215488165617,0.0116959894075989,0.0218751858919858,0.0245185177773237,,3D U-Net,923
924.0,0.0436235889792442,0.0222981572151184,0.0392370820045471,0.0491143204271793,,3D U-Net,924
925.0,0.0154593642801046,0.0077898954041302,0.0130823338404297,0.0188919957727193,,3D U-Net,925
926.0,0.0018295423360541,0.0009156087180599,0.001609442057088,0.0021193793509155,,3D U-Net,926
927.0,0.0199655424803495,0.0100834323093295,0.0169666279107332,0.024252213537693,,3D U-Net,927
928.0,0.0260483045130968,0.0131960185244679,0.0236135367304086,0.0290428847074508,,3D U-Net,928
929.0,0.0126877501606941,0.0063843764364719,0.0101500172168016,0.0169175080955028,,3D U-Net,929
930.0,0.0269338432699441,0.0136507553979754,0.0254899132996797,0.028551185503602,,3D U-Net,930
931.0,0.0682700872421264,0.0353414267301559,0.0480688624083995,0.1177590191364288,,3D U-Net,931
932.0,0.0615121647715568,0.0317320339381694,0.0599474422633647,0.0631607547402381,,3D U-Net,932
933.0,0.0349749028682708,0.0177987068891525,0.0328990183770656,0.0373304076492786,,3D U-Net,933
934.0,0.0121681587770581,0.0061213220469653,0.0111023774370551,0.0134602896869182,,3D U-Net,934
935.0,0.026665836572647,0.0135130872949957,0.0230222772806882,0.0316795110702514,,3D U-Net,935
936.0,0.0168969426304101,0.0085204569622874,0.015159067697823,0.0190848857164382,,3D U-Net,936
937.0,0.0536364652216434,0.0275572706013917,0.0493786633014678,0.0586978420615196,,3D U-Net,937
938.0,0.0431654155254364,0.0220587961375713,0.0380182228982448,0.0499245785176754,,3D U-Net,938
939.0,0.0533272176980972,0.0273940321058034,0.0472375154495239,0.0612194202840328,,3D U-Net,939
940.0,0.0109163234010338,0.0054881167598068,0.0091933039948344,0.0134341698139905,,3D U-Net,940
941.0,0.0183544475585222,0.0092622255906462,0.014672677963972,0.0245028808712959,,3D U-Net,941
942.0,0.0451074838638305,0.0230741500854492,0.0367452874779701,0.058397002518177,,3D U-Net,942
943.0,0.0427720844745636,0.0218534003943204,0.0312607698142528,0.0677025392651557,,3D U-Net,943
944.0,0.026288628578186,0.0133193880319595,0.0217468533664941,0.033228263258934,,3D U-Net,944
945.0,0.0279276948422193,0.0141615979373455,0.0220763832330703,0.0379993692040443,,3D U-Net,945
946.0,0.0187537632882595,0.0094656394794583,0.0165350213646888,0.0216602236032485,,3D U-Net,946
947.0,0.0201491490006446,0.0101771047338843,0.0233841687440872,0.0177004318684339,,3D U-Net,947
948.0,0.0352238304913044,0.0179276540875434,0.0291530452668666,0.0444879233837127,,3D U-Net,948
949.0,0.0140225738286972,0.0070607922971248,0.0107011329382658,0.0203338358551263,,3D U-Net,949
950.0,0.0178135018795728,0.0089867934584617,0.0135304601863026,0.0260640159249305,,3D U-Net,950
951.0,0.0272010583430528,0.0137880537658929,0.0252649020403623,0.0294585935771465,,3D U-Net,951
952.0,0.0250934716314077,0.0127061568200588,0.0212008785456419,0.0307369343936443,,3D U-Net,952
953.0,0.0574224628508091,0.0295599326491355,0.0606451034545898,0.0545250363647937,,3D U-Net,953
954.0,0.0396818853914737,0.0202425736933946,0.0401729121804237,0.0392027162015438,,3D U-Net,954
955.0,0.0354505069553852,0.0180451069027185,0.034267570823431,0.0367180369794368,,3D U-Net,955
956.0,0.0310460515320301,0.01576779037714,0.0289598181843757,0.033456202596426,,3D U-Net,956
957.0,0.0455441512167453,0.0233027264475822,0.0431235134601593,0.0482527054846286,,3D U-Net,957
958.0,0.0288505386561155,0.0146364029496908,0.025538221001625,0.0331501215696334,,3D U-Net,958
959.0,0.0328378528356552,0.0166930090636014,0.0296404510736465,0.0368084944784641,,3D U-Net,959
960.0,0.0226212069392204,0.0114399967715144,0.0177712738513946,0.0311119146645069,,3D U-Net,960
961.0,0.0280840527266263,0.0142420129850506,0.0264362078160047,0.0299509856849908,,3D U-Net,961
962.0,0.0402804315090179,0.0205541811883449,0.0362687073647975,0.0452900119125843,,3D U-Net,962
963.0,0.0492664240300655,0.0252553317695856,0.0493552088737487,0.0491779558360576,,3D U-Net,963
964.0,0.0555316694080829,0.0285587944090366,0.0483355298638343,0.0652453303337097,,3D U-Net,964
965.0,0.050120361149311,0.0257043354213237,0.0450764298439025,0.0564353168010711,,3D U-Net,965
966.0,0.0335187725722789,0.0170450508594512,0.0295420978218317,0.0387325845658779,,3D U-Net,966
967.0,0.0150494994595646,0.0075818006880581,0.0133400410413742,0.0172614697366952,,3D U-Net,967
968.0,0.0261434782296419,0.0132448719814419,0.0216401815414428,0.0330135598778724,,3D U-Net,968
969.0,0.0404992289841175,0.0206681359559297,0.0364039801061153,0.0456326492130756,,3D U-Net,969
970.0,0.029335243627429,0.0148859629407525,0.0290650520473718,0.0296105053275823,,3D U-Net,970
971.0,0.0193954110145568,0.0097926724702119,0.0158197991549968,0.025059362873435,,3D U-Net,971
972.0,0.0315942279994487,0.0160506684333086,0.0251220911741256,0.0425584502518177,,3D U-Net,972
973.0,0.0394053235650062,0.0200986601412296,0.0326381027698516,0.0497128404676914,,3D U-Net,973
974.0,0.0490703247487545,0.0251522772014141,0.0451059602200984,0.0537986941635608,,3D U-Net,974
975.0,0.0337739773094654,0.0171770583838224,0.0311179552227258,0.0369257144629955,,3D U-Net,975
976.0,0.038459226489067,0.0196066405624151,0.0391794554889202,0.0377649962902069,,3D U-Net,976
977.0,0.0483683049678802,0.0247835200279951,0.048480849713087,0.0482562780380249,,3D U-Net,977
978.0,0.0166487917304039,0.0083942739292979,0.0133222853764891,0.0221893638372421,,3D U-Net,978
979.0,0.0341233760118484,0.0173578411340713,0.0302179399877786,0.0391881391406059,,3D U-Net,979
980.0,0.0311805997043848,0.0158372074365615,0.0283792242407798,0.0345956087112426,,3D U-Net,980
981.0,0.0313330851495265,0.0159158892929554,0.0219496451318264,0.0547301433980464,,3D U-Net,981
982.0,0.0217721629887819,0.0110058924183249,0.01956582441926,0.0245393402874469,,3D U-Net,982
983.0,0.0294292960315942,0.0149344028905034,0.0302779767662286,0.0286268964409828,,3D U-Net,983
984.0,0.0225380901247262,0.0113974837586283,0.0203419458121061,0.0252658240497112,,3D U-Net,984
985.0,0.0392694845795631,0.0200279876589775,0.0364377349615097,0.0425784587860107,,3D U-Net,985
986.0,0.040273081511259,0.0205503553152084,0.0416736863553524,0.0389635637402534,,3D U-Net,986
987.0,0.0137806199491024,0.0069381156936287,0.0137953842058777,0.0137658873572945,,3D U-Net,987
988.0,0.0272757485508918,0.0138264372944831,0.0198001973330974,0.0438199378550052,,3D U-Net,988
989.0,0.0162758659571409,0.0082047022879123,0.015056325122714,0.0177103821188211,,3D U-Net,989
990.0,0.012854304164648,0.0064687277190387,0.0102539090439677,0.0172217451035976,,3D U-Net,990
991.0,0.0224987417459487,0.0113773588091135,0.0234404541552066,0.0216297730803489,,3D U-Net,991
992.0,0.026775499805808,0.0135694136843085,0.0261084530502557,0.0274775251746177,,3D U-Net,992
993.0,0.0352752655744552,0.0179543029516935,0.0321234166622161,0.0391128994524478,,3D U-Net,993
994.0,0.0330305397510528,0.0167926046997308,0.029338551685214,0.0377855002880096,,3D U-Net,994
995.0,0.0335913561284542,0.017082592472434,0.026920735836029,0.0446567386388778,,3D U-Net,995
996.0,0.0295974053442478,0.0150209944695234,0.0274844039231538,0.0320623628795146,,3D U-Net,996
997.0,0.0476243235170841,0.0243930127471685,0.0546456202864646,0.0422018952667713,,3D U-Net,997
998.0,0.0613221116364002,0.0316308923065662,0.0665010809898376,0.0568915158510208,,3D U-Net,998
999.0,0.0321022383868694,0.0163129605352878,0.0303433053195476,0.0340776406228542,,3D U-Net,999
1000.0,0.0137207154184579,0.006907747592777,0.0134236263111233,0.0140312537550926,,3D U-Net,1000
,0.0049727387358584,0.0024925668096923,0.0069248652124449,0.0038791909116098,338.62811460361644,V-Net,1
,0.0107680405562642,0.0054131648675478,0.0150209696948426,0.0083919923138761,265.7385933582098,V-Net,10
,0.0011225374335051,0.0005615839162366,0.0039466760217505,0.000654321795459,268.5330519693991,V-Net,100
,0.0099017421265952,0.0049755041427834,0.0173142401777305,0.0069334313232506,301.46475747589466,V-Net,1000
,0.0213099689460658,0.0107697358411995,0.0565815489461949,0.0131269458623281,290.7232360854564,V-Net,101
,0.0034929437569835,0.0017495273788595,0.0059582639143817,0.0024706681342357,317.47283348343365,V-Net,102
,0.0190939101872879,0.009638977983602,0.0510443922125149,0.0117433401691612,248.87948890979345,V-Net,103
,0.002368699800662,0.0011857542482567,0.0037769975529311,0.0017253739322729,295.5960080921256,V-Net,104
,0.0051366488452072,0.00257493769798,0.0107150434967112,0.0033780111541259,211.8726032312814,V-Net,105
,0.0089545953254347,0.0044974340135143,0.028071150639244,0.0053269339803008,283.89434654462565,V-Net,106
,0.0056469713648511,0.0028314803265877,0.0134093763791288,0.0035765702954518,312.92331328937445,V-Net,107
,0.0063319459336237,0.0031760281861912,0.0151160915833602,0.004004741614071,363.29739883461866,V-Net,108
,0.0101582883979813,0.0051050736039717,0.0234717254129657,0.0064817589540394,322.25145461269835,V-Net,109
,0.0226061714649253,0.0114323060680698,0.0374111608317978,0.0161965811965811,309.2911249939125,V-Net,11
,0.0204631492786725,0.0103373419248123,0.0572737686139748,0.0124569198189594,320.1640204645113,V-Net,110
,0.0123300715833706,0.0062032792301651,0.0760737439222042,0.0067087114986064,244.3460660620506,V-Net,111
,0.0081790362838965,0.0041063109751777,0.0275011853959222,0.0048038695997879,249.77589955798376,V-Net,112
,0.011006553520416,0.0055337304101715,0.046979865771812,0.0062334731389649,340.6552509502826,V-Net,113
,0.0029900953092877,0.0014972861688189,0.003960105602816,0.0024017879977316,365.589934215919,V-Net,114
,0.009747864425461,0.0048978037763275,0.013484752223634,0.0076326956271576,239.0,V-Net,115
,0.0036364148895683,0.0018215193448177,0.0146159075458871,0.0020765256024338,241.2094525510972,V-Net,116
,0.003988773764441,0.0019983724099407,0.0156580138846966,0.0022854939971362,284.43804246267763,V-Net,117
,0.0071891886758403,0.003607562060075,0.0126539959547331,0.0050208594490983,282.56149773102493,V-Net,118
,0.0131354486523362,0.0066111445007293,0.0377821393523061,0.0079496180053685,321.82914721945247,V-Net,119
,0.0021574091477414,0.0010798694339683,0.0061925314317883,0.0013062452376475,230.54283766797008,V-Net,12
,0.0151155703502259,0.0076153402809921,0.028693485226059,0.0102603271593151,339.6262651798297,V-Net,120
,0.0056053606967439,0.002810557442484,0.0096998420221169,0.0039415571076417,332.1129325997408,V-Net,121
,0.014053385814463,0.0070764167143669,0.0234543600445846,0.0100322574100748,279.6730233683614,V-Net,122
,0.007567858243653,0.0037983016259624,0.009562479284057,0.0062617339685502,331.2174512310606,V-Net,123
,0.0007910254566373,0.0003956692205316,0.003530733429626,0.0004454072439414,295.8462438497403,V-Net,124
,0.0067361260649425,0.0033794452169768,0.0199555090290499,0.004051944601282,286.6408903139955,V-Net,125
,0.0101595082323636,0.0051056897647804,0.0181570906264902,0.0070529312888065,298.6452745315084,V-Net,126
,0.0071146756354691,0.0035700376476693,0.0156851561385997,0.004600777949726,310.30791159749697,V-Net,127
,0.0170913986729966,0.0086193577765302,0.0351039872830838,0.0112954615687904,326.8424697006189,V-Net,128
,0.0099517586287557,0.005000762505083,0.0330686163284171,0.0058572236610996,238.6880809759884,V-Net,129
,0.0010771509357748,0.0005388656877273,0.0027703447190303,0.0006685456852213,345.950863563021,V-Net,13
,0.0212932228437887,0.0107611815401932,0.0475384349628605,0.0137191170312468,311.3679495388053,V-Net,130
,0.0052641936436087,0.0026390430385988,0.0239713240235979,0.00295675401833,304.149634226313,V-Net,131
,0.0080717337341049,0.0040522210918952,0.0366705024932873,0.0045349752853334,246.5299170486211,V-Net,132
,0.0056616373833539,0.0028388549754043,0.0158788039514685,0.0034449774530181,260.0038461253987,V-Net,133
,0.0020128087831654,0.0010074182617454,0.0045906017861614,0.0012889920082495,296.89392044971214,V-Net,134
,0.0151791704843039,0.0076476275634449,0.0677398583386992,0.008547216873441,289.9413733843448,V-Net,135
,0.0133084964354119,0.0066988238543998,0.0266923500275178,0.0088639894278825,236.4487259428564,V-Net,136
,0.0090204429912298,0.0045306557565975,0.0104906768070983,0.0079116511326616,331.00151057057127,V-Net,137
,0.0128629593450944,0.0064731113566556,0.0455296493482651,0.0074894302395812,222.46348014898985,V-Net,138
,0.7528517246246338,0.6036585569381714,0.8231707215309143,0.693601131439209,10.29563045501709,SegResNet,1
,0.8384159207344055,0.7217866778373718,0.8650804162025452,0.8133460283279419,7.088657855987549,SegResNet,10
,0.8227822780609131,0.6989210844039917,0.8683632016181946,0.7817478775978088,6.032834529876709,SegResNet,11
,0.7676451802253723,0.6229092478752136,0.7649177312850952,0.7703921794891357,18.6279354095459,SegResNet,12
,0.7151461839675903,0.5565973520278931,0.769774854183197,0.6677574515342712,13.93913745880127,SegResNet,13
